{"HeaderType":"FieldData","Name":"Field","Position":{"x":-71.1729965209961,"y":1.8799972534179688,"z":12.470000267028809},"Rotation":{"x":0.0,"y":0.0,"z":0.0},"Size":{"x":30,"y":5,"z":15}}
{"HeaderType":"ActorData","Name":"2100000001","HP":13,"Team":{"serializedVersion":"2","m_Bits":6},"Position":{"x":-53.13299560546875,"y":1.8799972534179688,"z":15.739999771118164},"Rotation":{"x":0.0,"y":0.0,"z":0.0},"EnterDuration":3.0,"ExitDuration":5.0}
{"HeaderType":"ActorData","Name":"2100000001","HP":13,"Team":{"serializedVersion":"2","m_Bits":6},"Position":{"x":-51.83299255371094,"y":1.8799972534179688,"z":21.969999313354493},"Rotation":{"x":0.0,"y":0.0,"z":0.0},"EnterDuration":3.0,"ExitDuration":5.0}
{"HeaderType":"ActorData","Name":"2100000001","HP":13,"Team":{"serializedVersion":"2","m_Bits":6},"Position":{"x":-47.78299331665039,"y":1.8799972534179688,"z":19.919998168945314},"Rotation":{"x":0.0,"y":0.0,"z":0.0},"EnterDuration":3.0,"ExitDuration":5.0}
{"HeaderType":"EntryPoint","Name":"EntryPoint","Position":{"x":-66.4229965209961,"y":1.8799972534179688,"z":20.829999923706056},"Rotation":{"x":0.0,"y":0.0,"z":0.0},"Size":{"x":0,"y":0,"z":0}}
{"HeaderType":"PropData","Name":"2200000002","HP":3,"Team":{"serializedVersion":"2","m_Bits":0},"Position":{"x":-57.75299835205078,"y":1.8799972534179688,"z":18.75},"Rotation":{"x":0.0,"y":30.00000762939453,"z":0.0},"EnterDuration":0.0,"ExitDuration":3.0,"ModelPath":"","ExitSkill":"","SkillOffset":{"x":0.0,"y":0.0,"z":0.0},"SkillDirection":{"x":0.0,"y":0.0,"z":0.0}}