{"HeaderType":"FieldData","Name":"Field","Position":{"x":-15.399999618530274,"y":1.8799972534179688,"z":-11.229999542236329},"Rotation":{"x":0.0,"y":0.0,"z":0.0},"Size":{"x":30,"y":5,"z":60}}
{"HeaderType":"ActorData","Name":"2100000000","HP":13,"Team":{"serializedVersion":"2","m_Bits":6},"Position":{"x":-9.899999618530274,"y":1.8799972534179688,"z":-0.9299993515014648},"Rotation":{"x":0.0,"y":0.0,"z":0.0},"EnterDuration":3.0,"ExitDuration":5.0}
{"HeaderType":"ActorData","Name":"2100000000","HP":13,"Team":{"serializedVersion":"2","m_Bits":6},"Position":{"x":5.210000991821289,"y":1.8799972534179688,"z":34.189998626708987},"Rotation":{"x":0.0,"y":0.0,"z":0.0},"EnterDuration":3.0,"ExitDuration":5.0}
{"HeaderType":"ActorData","Name":"2100000000","HP":13,"Team":{"serializedVersion":"2","m_Bits":6},"Position":{"x":-11.59000015258789,"y":1.8799972534179688,"z":37.119998931884769},"Rotation":{"x":0.0,"y":0.0,"z":0.0},"EnterDuration":3.0,"ExitDuration":5.0}
{"HeaderType":"ActorData","Name":"2100000000","HP":13,"Team":{"serializedVersion":"2","m_Bits":6},"Position":{"x":-8.599998474121094,"y":1.8799972534179688,"z":5.299999237060547},"Rotation":{"x":0.0,"y":0.0,"z":0.0},"EnterDuration":3.0,"ExitDuration":5.0}
{"HeaderType":"ActorData","Name":"2100000000","HP":13,"Team":{"serializedVersion":"2","m_Bits":6},"Position":{"x":6.510002136230469,"y":1.8799972534179688,"z":40.41999816894531},"Rotation":{"x":0.0,"y":0.0,"z":0.0},"EnterDuration":3.0,"ExitDuration":5.0}
{"HeaderType":"ActorData","Name":"2100000000","HP":13,"Team":{"serializedVersion":"2","m_Bits":6},"Position":{"x":-10.289999008178711,"y":1.8799972534179688,"z":43.349998474121097},"Rotation":{"x":0.0,"y":0.0,"z":0.0},"EnterDuration":3.0,"ExitDuration":5.0}
{"HeaderType":"ActorData","Name":"2100000000","HP":13,"Team":{"serializedVersion":"2","m_Bits":6},"Position":{"x":-4.549997329711914,"y":1.8799972534179688,"z":3.2499990463256838},"Rotation":{"x":0.0,"y":0.0,"z":0.0},"EnterDuration":3.0,"ExitDuration":5.0}
{"HeaderType":"ActorData","Name":"2100000000","HP":13,"Team":{"serializedVersion":"2","m_Bits":6},"Position":{"x":10.560003280639649,"y":1.8799972534179688,"z":38.369998931884769},"Rotation":{"x":0.0,"y":0.0,"z":0.0},"EnterDuration":3.0,"ExitDuration":5.0}
{"HeaderType":"ActorData","Name":"2100000000","HP":13,"Team":{"serializedVersion":"2","m_Bits":6},"Position":{"x":-6.239997863769531,"y":1.8799972534179688,"z":41.29999923706055},"Rotation":{"x":0.0,"y":0.0,"z":0.0},"EnterDuration":3.0,"ExitDuration":5.0}