{"HeaderType":"FieldData","Name":"Field","Position":{"x":39.209999084472659,"y":0.20000000298023225,"z":-47.119998931884769},"Rotation":{"x":0.0,"y":0.0,"z":0.0},"Size":{"x":15,"y":5,"z":15}}
{"HeaderType":"ElementsData","Name":"2200000000","HP":1,"Team":{"serializedVersion":"2","m_Bits":0},"Position":{"x":41.81999969482422,"y":0.20000000298023225,"z":-43.18000030517578},"Rotation":{"x":0.0,"y":0.0,"z":0.0},"EnterDuration":0.0,"ExitDuration":3.0,"ModelPath":"CupCakeBot","ExitSkill":"2300000004","SkillOffset":{"x":0.0,"y":0.0,"z":0.0},"SkillDirection":{"x":0.0,"y":0.0,"z":0.0}}