{"HeaderType":"FieldData","Name":"Field","Position":{"x":-3.9790000915527345,"y":0.0,"z":-36.40999984741211},"Rotation":{"x":0.0,"y":0.0,"z":0.0},"Size":{"x":17,"y":8,"z":22}}
{"HeaderType":"EntryPoint","Name":"EntryPoint","Position":{"x":0.15199995040893556,"y":1.430999994277954,"z":-15.693000793457032},"Rotation":{"x":0.0,"y":90.0,"z":0.0},"Size":{"x":0,"y":0,"z":0}}
{"HeaderType":"ActorData","Name":"2100000000","HP":3,"Team":{"serializedVersion":"2","m_Bits":0},"Position":{"x":-0.5889999866485596,"y":0.1850000023841858,"z":-35.43000030517578},"Rotation":{"x":0.0,"y":28.430946350097658,"z":0.0},"EnterDuration":0.0,"ExitDuration":0.0}
{"HeaderType":"ActorData","Name":"2100000000","HP":3,"Team":{"serializedVersion":"2","m_Bits":0},"Position":{"x":-2.989000082015991,"y":0.1850000023841858,"z":-34.880001068115237},"Rotation":{"x":0.0,"y":42.39065933227539,"z":0.0},"EnterDuration":0.0,"ExitDuration":0.0}
{"HeaderType":"ActorData","Name":"2100000000","HP":3,"Team":{"serializedVersion":"2","m_Bits":0},"Position":{"x":4.7910003662109379,"y":0.1850000023841858,"z":-24.65999984741211},"Rotation":{"x":0.0,"y":28.430946350097658,"z":0.0},"EnterDuration":0.0,"ExitDuration":0.0}
{"HeaderType":"PropData","Name":"2200000000","HP":1,"Team":{"serializedVersion":"2","m_Bits":0},"Position":{"x":9.800999641418457,"y":0.0,"z":-28.34000015258789},"Rotation":{"x":0.0,"y":0.0,"z":0.0},"EnterDuration":0.0,"ExitDuration":0.0,"ModelPath":"Capsule","ExitSkill":"2300000003","SkillOffset":{"x":0.0,"y":1.399999976158142,"z":0.0},"SkillDirection":{"x":0.0,"y":0.0,"z":0.0}}