{"HeaderType":"FieldData","Name":"Field","Position":{"x":-3.9790000915527345,"y":0.0,"z":-47.79999923706055},"Rotation":{"x":0.0,"y":0.0,"z":0.0},"Size":{"x":17,"y":8,"z":11}}
{"HeaderType":"ActorData","Name":"2100000000","HP":3,"Team":{"serializedVersion":"2","m_Bits":0},"Position":{"x":11.890999794006348,"y":0.1850000023841858,"z":-42.70000076293945},"Rotation":{"x":0.0,"y":270.1199951171875,"z":0.0},"EnterDuration":0.0,"ExitDuration":0.0}
{"HeaderType":"ActorData","Name":"2100000000","HP":3,"Team":{"serializedVersion":"2","m_Bits":0},"Position":{"x":11.642000198364258,"y":0.1850000023841858,"z":-46.18899917602539},"Rotation":{"x":0.0,"y":289.4054870605469,"z":0.0},"EnterDuration":0.0,"ExitDuration":0.0}