{"HeaderType":"FieldData","Name":"Field","Position":{"x":13.210000038146973,"y":0.0,"z":-47.79999923706055},"Rotation":{"x":0.0,"y":0.0,"z":0.0},"Size":{"x":19,"y":8,"z":33}}
{"HeaderType":"ActorData","Name":"2100000000","HP":3,"Team":{"serializedVersion":"2","m_Bits":0},"Position":{"x":29.863998413085939,"y":0.1850000023841858,"z":-39.6879997253418},"Rotation":{"x":0.0,"y":342.7733459472656,"z":0.0},"EnterDuration":0.0,"ExitDuration":0.0}
{"HeaderType":"ActorData","Name":"2100000000","HP":3,"Team":{"serializedVersion":"2","m_Bits":0},"Position":{"x":29.61499786376953,"y":0.1850000023841858,"z":-43.176998138427737},"Rotation":{"x":0.0,"y":2.0588419437408449,"z":0.0},"EnterDuration":0.0,"ExitDuration":0.0}
{"HeaderType":"ActorData","Name":"2100000000","HP":3,"Team":{"serializedVersion":"2","m_Bits":0},"Position":{"x":17.56999969482422,"y":0.1850000023841858,"z":-34.19999694824219},"Rotation":{"x":0.0,"y":184.58758544921876,"z":0.0},"EnterDuration":0.0,"ExitDuration":0.0}
{"HeaderType":"ActorData","Name":"2100000000","HP":3,"Team":{"serializedVersion":"2","m_Bits":0},"Position":{"x":15.550000190734864,"y":0.1850000023841858,"z":-19.139999389648439},"Rotation":{"x":0.0,"y":184.58758544921876,"z":0.0},"EnterDuration":0.0,"ExitDuration":0.0}
{"HeaderType":"ActorData","Name":"2100000000","HP":3,"Team":{"serializedVersion":"2","m_Bits":0},"Position":{"x":28.079999923706056,"y":0.1850000023841858,"z":-19.03999900817871},"Rotation":{"x":0.0,"y":184.58758544921876,"z":0.0},"EnterDuration":0.0,"ExitDuration":0.0}
{"HeaderType":"ActorData","Name":"2100000000","HP":3,"Team":{"serializedVersion":"2","m_Bits":0},"Position":{"x":18.440000534057618,"y":0.1850000023841858,"z":-28.599998474121095},"Rotation":{"x":0.0,"y":138.68789672851563,"z":0.0},"EnterDuration":0.0,"ExitDuration":0.0}
{"HeaderType":"ActorData","Name":"2100000000","HP":3,"Team":{"serializedVersion":"2","m_Bits":0},"Position":{"x":21.829999923706056,"y":0.1850000023841858,"z":-25.599998474121095},"Rotation":{"x":0.0,"y":138.68789672851563,"z":0.0},"EnterDuration":0.0,"ExitDuration":0.0}