{"HeaderType":"FieldData","Name":"Field","Position":{"x":-63.91999816894531,"y":1.8799972534179688,"z":17.110000610351564},"Rotation":{"x":0.0,"y":0.0,"z":0.0},"Size":{"x":10,"y":5,"z":5}}
{"HeaderType":"ActorData","Name":"2100000000","HP":13,"Team":{"serializedVersion":"2","m_Bits":6},"Position":{"x":-61.179996490478519,"y":1.8799972534179688,"z":18.329999923706056},"Rotation":{"x":0.0,"y":0.0,"z":0.0},"EnterDuration":3.0,"ExitDuration":5.0}
{"HeaderType":"EntryPoint","Name":"EntryPoint","Position":{"x":-63.91999816894531,"y":1.8799972534179688,"z":17.110000610351564},"Rotation":{"x":0.0,"y":0.0,"z":0.0},"Size":{"x":0,"y":0,"z":0}}
{"HeaderType":"ElementsData","Name":"2200000000","HP":4,"Team":{"serializedVersion":"2","m_Bits":0},"Position":{"x":-56.909996032714847,"y":1.8799972534179688,"z":20.110000610351564},"Rotation":{"x":0.0,"y":30.00000762939453,"z":0.0},"EnterDuration":0.0,"ExitDuration":5.0,"ModelPath":"Capsule","ExitSkill":"2300000000","SkillOffset":{"x":0.0,"y":3.0,"z":0.0},"SkillDirection":{"x":0.0,"y":0.0,"z":0.0}}